,time,wind_speed_10m_max,wind_gusts_10m_max,wind_direction_10m_dominant,wind_gusts_10m_mean,temperature_2m_mean,cloud_cover_mean,surface_pressure_mean
0,2024-01-01,24.8,42.1,290,26.7,9.4,68,1010.7
1,2024-01-02,14.2,26.6,2,18.9,6.6,98,1009.1
2,2024-01-03,17.7,32.0,256,21.2,10.3,96,1006.1
3,2024-01-04,14.1,24.1,238,18.2,11.4,58,1007.2
4,2024-01-05,21.4,35.6,360,22.4,10.1,95,997.4
5,2024-01-06,27.2,49.3,318,34.7,8.7,46,999.5
6,2024-01-07,36.8,66.6,323,49.2,7.6,74,1002.6
7,2024-01-08,27.1,49.3,329,35.2,5.8,51,1007.8
8,2024-01-09,9.5,16.9,321,12.8,1.0,14,1013.7
9,2024-01-10,20.3,34.9,26,20.6,2.9,100,1014.1
10,2024-01-11,20.4,40.7,15,26.6,5.5,88,1014.5
11,2024-01-12,9.5,16.9,321,11.8,2.8,22,1017.6
12,2024-01-13,14.2,25.9,343,15.3,2.2,21,1016.9
13,2024-01-14,7.7,12.6,344,9.2,1.0,92,1008.0
14,2024-01-15,19.8,33.5,312,20.0,8.9,76,1001.6
15,2024-01-16,12.2,21.2,31,15.1,7.0,89,1002.8
16,2024-01-17,22.6,38.9,7,27.3,9.7,92,992.8
17,2024-01-18,17.3,29.5,254,17.6,10.7,58,994.1
18,2024-01-19,24.8,42.5,349,34.2,6.1,98,1006.5
19,2024-01-20,32.8,58.7,7,24.5,3.6,10,1017.7
20,2024-01-21,11.3,18.4,19,13.6,3.2,22,1026.1
21,2024-01-22,14.1,25.2,5,16.7,6.1,71,1024.7
22,2024-01-23,14.6,29.5,304,20.3,10.7,80,1026.9
23,2024-01-24,19.0,34.6,322,21.3,12.0,43,1027.3
24,2024-01-25,13.3,22.7,321,14.9,10.4,0,1023.9
25,2024-01-26,11.1,18.0,326,13.9,11.4,58,1023.3
26,2024-01-27,14.6,29.5,0,18.5,11.5,31,1023.7
27,2024-01-28,14.8,28.4,69,17.7,8.5,75,1025.5
28,2024-01-29,17.0,32.8,117,22.3,11.1,100,1026.5
29,2024-01-30,10.5,19.8,63,14.1,9.7,89,1027.7
30,2024-01-31,8.7,19.4,249,12.0,8.5,53,1027.3
31,2024-02-01,25.1,43.2,317,24.1,10.5,75,1024.8
32,2024-02-02,19.6,34.2,332,20.2,11.2,37,1024.4
33,2024-02-03,9.3,17.3,350,10.9,8.9,17,1023.0
34,2024-02-04,9.5,16.9,338,12.3,9.3,15,1021.8
35,2024-02-05,8.6,18.0,327,10.9,8.2,37,1020.0
36,2024-02-06,7.9,16.9,317,10.6,7.6,99,1016.2
37,2024-02-07,13.1,22.7,292,15.2,8.8,47,1010.9
38,2024-02-08,17.7,29.9,152,18.5,11.7,85,1002.3
39,2024-02-09,25.1,45.0,122,26.1,12.0,96,987.0
40,2024-02-10,29.9,53.3,212,36.9,11.3,99,980.8
41,2024-02-11,30.8,57.2,286,37.9,10.3,48,994.1
42,2024-02-12,13.3,23.4,326,15.0,7.5,73,1000.8
43,2024-02-13,14.7,25.2,293,17.1,8.6,30,1012.9
44,2024-02-14,8.4,17.3,327,11.4,9.6,54,1017.1
45,2024-02-15,23.6,42.8,69,22.4,9.8,83,1014.9
46,2024-02-16,14.4,23.8,357,15.3,12.4,93,1013.7
47,2024-02-17,20.1,37.1,349,22.9,13.6,37,1020.2
48,2024-02-18,16.6,27.7,310,16.9,11.1,68,1024.3
49,2024-02-19,19.2,36.0,323,26.3,13.6,68,1022.8
50,2024-02-20,21.2,43.2,341,26.9,12.1,82,1021.3
51,2024-02-21,14.8,25.2,338,16.1,10.0,98,1017.2
52,2024-02-22,30.0,51.5,61,27.6,11.1,100,1003.6
53,2024-02-23,26.5,49.7,274,29.8,8.7,67,996.8
54,2024-02-24,17.6,36.4,278,20.9,7.0,63,1000.2
55,2024-02-25,17.1,34.9,212,17.4,7.3,90,1000.2
56,2024-02-26,15.8,31.0,252,18.5,9.0,91,993.0
57,2024-02-27,22.6,42.5,330,27.0,9.5,95,998.7
58,2024-02-28,23.3,43.2,344,33.1,11.5,61,1008.1
59,2024-02-29,16.1,27.7,295,19.3,10.0,13,1006.3
60,2024-03-01,22.8,42.5,303,28.9,11.1,48,1002.1
61,2024-03-02,32.6,57.6,155,31.4,10.9,83,996.9
62,2024-03-03,31.4,56.9,316,39.0,7.6,99,991.8
63,2024-03-04,16.2,28.4,290,21.9,9.8,68,1003.5
64,2024-03-05,25.8,50.8,287,29.4,9.4,39,1011.4
65,2024-03-06,15.5,32.4,312,18.0,8.8,44,1014.1
66,2024-03-07,16.4,31.0,82,21.1,8.3,42,1009.6
67,2024-03-08,45.5,78.5,119,49.0,10.5,91,1000.1
68,2024-03-09,42.6,75.2,147,60.5,11.5,99,992.1
69,2024-03-10,34.4,65.5,200,25.7,10.7,62,988.5
70,2024-03-11,29.4,51.5,289,31.9,10.4,72,1000.7
71,2024-03-12,21.5,40.3,313,29.8,11.4,41,1012.3
72,2024-03-13,14.2,26.3,301,19.1,11.9,18,1011.3
73,2024-03-14,13.1,28.4,109,16.1,10.1,48,1011.3
74,2024-03-15,15.6,25.9,287,17.5,12.4,63,1012.1
75,2024-03-16,17.3,29.2,309,17.3,14.7,76,1015.4
76,2024-03-17,12.3,25.6,36,15.0,13.2,94,1014.8
77,2024-03-18,17.9,36.4,323,14.5,15.3,47,1010.5
78,2024-03-19,10.0,16.9,328,13.3,14.4,40,1009.8
79,2024-03-20,17.1,34.2,80,17.4,12.3,82,1013.4
80,2024-03-21,9.3,21.2,292,13.7,14.1,49,1016.9
81,2024-03-22,16.9,34.9,351,21.1,15.0,53,1013.2
82,2024-03-23,23.5,44.6,303,25.5,13.5,68,1011.2
83,2024-03-24,28.3,52.2,307,32.3,11.8,62,1009.2
84,2024-03-25,31.6,55.4,106,31.4,9.8,68,998.3
85,2024-03-26,47.2,83.2,124,43.9,11.0,100,985.5
86,2024-03-27,19.9,38.9,235,26.1,10.0,71,986.3
87,2024-03-28,26.2,51.1,190,26.3,11.7,64,991.0
88,2024-03-29,39.4,71.6,141,54.0,15.1,99,993.6
89,2024-03-30,42.1,74.2,145,55.6,14.3,92,990.7
90,2024-03-31,40.3,70.2,160,58.9,13.6,93,989.9
91,2024-04-01,24.3,50.4,248,25.5,12.0,42,998.7
92,2024-04-02,19.6,38.5,260,22.5,11.4,44,1010.2
93,2024-04-03,16.6,31.0,295,23.9,14.3,56,1009.1
94,2024-04-04,14.1,29.9,92,17.8,12.4,74,1012.5
95,2024-04-05,24.2,46.4,100,29.9,14.4,85,1013.9
96,2024-04-06,19.4,38.2,89,20.0,13.7,84,1015.8
97,2024-04-07,12.0,25.9,68,15.9,14.6,99,1013.3
98,2024-04-08,26.3,45.4,113,25.2,15.0,87,1006.5
99,2024-04-09,27.5,50.4,309,31.4,13.4,60,1011.7
100,2024-04-10,30.0,55.1,330,41.8,13.0,18,1018.4
101,2024-04-11,17.2,32.0,342,21.3,14.7,27,1022.1
102,2024-04-12,12.7,25.9,355,16.5,17.8,5,1022.7
103,2024-04-13,10.2,20.9,230,12.0,18.2,37,1019.7
104,2024-04-14,13.1,28.8,183,15.7,17.1,23,1016.7
105,2024-04-15,24.4,47.5,302,27.4,16.8,61,1010.9
106,2024-04-16,32.8,60.8,307,43.8,14.4,45,1008.2
107,2024-04-17,30.3,55.4,311,42.5,13.1,29,1007.3
108,2024-04-18,27.6,52.9,335,32.0,11.3,43,1008.8
109,2024-04-19,19.1,39.6,318,23.2,11.9,2,1012.9
110,2024-04-20,26.1,47.2,358,35.3,13.8,3,1009.9
111,2024-04-21,28.7,51.8,6,41.5,12.1,15,1010.0
112,2024-04-22,30.6,58.3,342,38.0,10.4,17,1008.7
113,2024-04-23,28.5,54.0,335,42.5,10.6,39,1006.5
114,2024-04-24,33.2,62.6,316,43.0,11.4,29,1006.9
115,2024-04-25,16.4,33.8,259,21.0,11.6,71,1003.4
116,2024-04-26,19.2,35.3,132,21.4,12.6,78,1001.2
117,2024-04-27,40.7,76.7,133,57.0,13.9,100,1001.5
118,2024-04-28,34.5,60.5,151,41.7,14.0,100,1006.2
119,2024-04-29,15.6,32.8,22,22.4,14.3,91,1010.3
120,2024-04-30,13.7,27.0,25,17.2,13.8,99,1007.1
121,2024-05-01,25.0,41.8,342,24.0,13.1,98,998.6
122,2024-05-02,23.1,43.6,281,32.7,11.4,96,1001.7
123,2024-05-03,14.3,27.7,277,19.0,13.3,39,1009.5
124,2024-05-04,11.4,25.6,124,15.2,13.6,96,1009.5
125,2024-05-05,18.2,37.1,93,23.0,14.8,82,1007.6
126,2024-05-06,22.5,42.5,49,22.5,15.1,91,1004.9
127,2024-05-07,25.2,46.1,301,30.9,15.0,52,1008.6
128,2024-05-08,29.2,52.6,353,36.3,18.2,41,1011.6
129,2024-05-09,16.7,32.8,356,22.6,18.1,5,1012.3
130,2024-05-10,12.5,27.4,114,16.6,17.8,0,1012.0
131,2024-05-11,11.9,26.6,190,15.5,17.1,7,1011.5
132,2024-05-12,12.6,27.7,163,16.0,16.3,63,1010.7
133,2024-05-13,15.7,33.5,135,18.5,17.3,78,1007.1
134,2024-05-14,26.0,46.4,123,28.8,16.1,98,1000.0
135,2024-05-15,16.9,34.2,312,18.4,15.7,38,999.2
136,2024-05-16,15.0,35.3,273,16.9,15.0,37,1000.4
137,2024-05-17,18.2,37.1,106,20.8,14.5,19,1003.5
138,2024-05-18,19.9,36.7,146,22.2,16.1,65,1005.1
139,2024-05-19,12.7,27.0,216,16.2,16.7,44,1004.4
140,2024-05-20,17.2,30.6,265,17.3,17.0,74,1002.5
141,2024-05-21,21.6,42.8,284,32.2,17.4,20,1004.3
142,2024-05-22,22.5,43.2,281,26.8,17.9,41,1007.6
143,2024-05-23,19.1,32.0,289,21.3,18.0,42,1010.1
144,2024-05-24,14.8,30.6,240,19.6,16.3,67,1011.4
145,2024-05-25,16.7,34.6,266,20.0,16.8,61,1010.5
146,2024-05-26,15.5,33.1,140,18.1,17.0,76,1011.3
147,2024-05-27,17.6,28.8,347,16.5,18.2,76,1011.9
148,2024-05-28,18.8,32.0,336,23.1,19.3,58,1012.0
149,2024-05-29,22.8,40.3,302,20.5,19.7,100,1009.2
150,2024-05-30,30.1,53.3,288,37.6,20.1,64,1004.2
151,2024-05-31,28.2,51.1,315,41.3,18.4,27,1006.0
152,2024-06-01,16.8,45.0,317,25.9,17.8,34,1008.2
153,2024-06-02,18.1,35.6,345,21.9,18.9,48,1010.1
154,2024-06-03,9.4,21.2,343,16.5,20.5,34,1009.2
155,2024-06-04,22.3,43.9,216,22.9,19.4,12,1007.8
156,2024-06-05,15.5,33.8,168,19.3,20.3,46,1009.0
157,2024-06-06,19.2,40.3,109,22.6,20.4,79,1010.6
158,2024-06-07,16.9,34.9,70,23.0,21.4,81,1011.0
159,2024-06-08,14.5,34.9,108,19.3,21.8,94,1006.1
160,2024-06-09,21.0,41.4,20,22.2,21.1,74,999.0
161,2024-06-10,26.2,45.7,307,27.0,21.6,32,1002.8
162,2024-06-11,21.5,42.5,319,29.8,20.7,18,1005.8
163,2024-06-12,22.2,42.5,332,26.9,19.4,33,1008.7
164,2024-06-13,24.9,47.5,270,26.9,19.2,28,1011.0
165,2024-06-14,23.3,44.6,120,26.4,19.5,89,1008.4
166,2024-06-15,19.7,34.6,314,27.2,20.7,72,1005.8
167,2024-06-16,19.4,39.2,241,26.6,20.3,25,1006.5
168,2024-06-17,18.6,38.2,139,22.3,19.5,62,1008.2
169,2024-06-18,17.0,36.7,145,21.6,21.6,52,1007.8
170,2024-06-19,19.2,42.1,137,23.6,22.1,44,1006.6
171,2024-06-20,19.5,35.3,133,25.2,21.6,85,1009.5
172,2024-06-21,25.7,48.2,297,28.8,22.2,31,1009.3
173,2024-06-22,25.8,48.2,295,33.1,20.0,61,1010.9
174,2024-06-23,28.1,52.9,338,36.0,20.9,31,1007.9
175,2024-06-24,14.9,28.1,304,20.1,22.5,20,1006.2
176,2024-06-25,17.6,38.5,125,20.1,21.1,44,1005.1
177,2024-06-26,16.4,35.3,143,20.3,21.7,32,1005.7
178,2024-06-27,15.8,34.6,184,17.8,23.4,54,1006.2
179,2024-06-28,16.6,36.0,166,18.4,24.4,23,1008.4
180,2024-06-29,30.5,54.0,140,27.9,21.3,61,1005.6
181,2024-06-30,17.4,34.2,269,24.8,22.7,49,1006.6
182,2024-07-01,31.6,56.5,316,33.4,23.6,57,1007.7
183,2024-07-02,33.6,60.8,312,45.6,22.2,54,1008.7
184,2024-07-03,28.8,54.0,305,40.9,21.7,49,1005.9
185,2024-07-04,23.4,47.9,303,31.4,23.3,6,1007.0
186,2024-07-05,17.7,37.8,239,23.6,23.1,28,1006.9
187,2024-07-06,18.0,36.0,163,21.3,21.6,81,1005.0
188,2024-07-07,13.7,27.7,294,21.6,22.8,28,1005.6
189,2024-07-08,13.3,30.2,260,20.2,22.3,12,1008.4
190,2024-07-09,14.3,32.8,127,18.1,22.8,43,1009.4
191,2024-07-10,14.6,33.1,135,16.5,24.0,8,1009.5
192,2024-07-11,16.4,34.6,167,17.9,25.9,15,1008.6
193,2024-07-12,23.5,43.2,306,23.5,24.8,42,1006.2
194,2024-07-13,23.6,41.0,281,22.1,21.9,56,1006.5
195,2024-07-14,15.2,33.1,136,19.8,22.7,31,1005.7
196,2024-07-15,19.9,40.0,134,23.3,23.0,72,1006.3
197,2024-07-16,21.1,38.5,320,20.0,26.0,22,1008.2
198,2024-07-17,16.0,32.4,334,23.0,26.1,61,1010.3
199,2024-07-18,16.4,34.6,258,20.5,26.6,1,1010.9
200,2024-07-19,12.4,28.1,246,17.4,27.4,35,1009.6
201,2024-07-20,18.4,38.2,133,21.9,27.7,14,1003.2
202,2024-07-21,20.9,37.4,318,27.2,24.2,76,1003.1
203,2024-07-22,26.1,47.2,315,37.3,25.5,24,1009.1
204,2024-07-23,16.1,31.3,316,21.4,26.2,1,1011.1
205,2024-07-24,21.4,41.0,326,24.7,27.6,32,1009.3
206,2024-07-25,13.7,24.1,304,15.9,26.5,1,1005.3
207,2024-07-26,14.8,32.0,199,21.3,27.2,0,1004.8
208,2024-07-27,15.0,35.3,144,18.7,24.1,3,1007.9
209,2024-07-28,16.0,33.8,180,18.7,27.0,16,1011.7
210,2024-07-29,14.9,33.1,208,18.3,27.5,2,1010.5
211,2024-07-30,14.5,32.0,122,18.5,26.8,23,1008.4
212,2024-07-31,15.9,35.3,122,19.7,26.8,25,1006.6
213,2024-08-01,19.1,39.6,319,18.2,29.1,7,1005.0
214,2024-08-02,25.2,51.8,324,25.9,29.9,40,1003.5
215,2024-08-03,25.4,45.4,318,31.7,28.7,6,1004.5
216,2024-08-04,16.1,29.9,328,23.2,28.2,14,1006.2
217,2024-08-05,16.9,32.4,297,20.6,27.9,0,1005.1
218,2024-08-06,15.3,33.5,209,18.9,27.8,22,1004.1
219,2024-08-07,18.4,37.4,288,21.4,27.9,61,1005.2
220,2024-08-08,15.9,33.8,297,22.6,28.7,15,1007.3
221,2024-08-09,19.1,38.2,255,19.3,28.0,3,1009.6
222,2024-08-10,16.4,34.2,7,22.8,28.9,8,1011.1
223,2024-08-11,13.3,31.0,139,18.1,27.8,17,1010.0
224,2024-08-12,13.6,31.7,156,17.1,26.4,14,1006.6
225,2024-08-13,18.1,37.1,193,17.9,25.7,35,1003.8
226,2024-08-14,17.9,35.3,329,23.3,25.1,84,1004.5
227,2024-08-15,16.2,42.1,334,23.2,24.4,40,1008.8
228,2024-08-16,17.0,32.0,351,19.4,25.2,32,1009.5
229,2024-08-17,22.2,38.2,294,20.1,26.0,54,1006.9
230,2024-08-18,28.3,51.1,305,36.1,24.6,21,1004.9
231,2024-08-19,24.7,43.6,351,29.4,23.8,5,1005.6
232,2024-08-20,21.1,36.0,297,22.4,25.1,0,1005.3
233,2024-08-21,20.4,35.3,335,23.6,26.0,2,1008.8
234,2024-08-22,14.4,29.9,226,18.6,23.0,0,1006.9
235,2024-08-23,13.2,29.9,217,19.7,23.9,0,1007.5
236,2024-08-24,22.4,46.1,128,26.2,23.6,69,1008.6
237,2024-08-25,19.4,36.4,7,21.2,24.8,54,1011.0
238,2024-08-26,22.6,40.3,357,26.0,23.6,8,1010.1
239,2024-08-27,16.3,32.4,350,24.4,24.9,11,1008.4
240,2024-08-28,18.0,40.0,127,18.5,25.3,8,1009.5
241,2024-08-29,12.8,30.2,169,16.9,24.9,52,1010.5
242,2024-08-30,12.7,30.2,194,17.1,23.9,77,1010.0
243,2024-08-31,13.3,30.2,184,15.6,24.1,44,1009.6
244,2024-09-01,9.5,20.5,356,13.2,23.7,65,1007.6
245,2024-09-02,14.8,30.2,276,18.2,24.5,12,1006.0
246,2024-09-03,13.7,27.4,279,17.7,23.3,64,1007.7
247,2024-09-04,19.0,33.1,356,20.1,21.8,91,1006.2
248,2024-09-05,29.7,52.2,291,28.5,20.5,58,1002.4
249,2024-09-06,23.2,42.5,99,24.5,19.8,55,1003.7
250,2024-09-07,42.3,74.2,123,34.3,21.8,65,1003.1
251,2024-09-08,19.5,33.5,332,26.5,20.4,72,1004.2
252,2024-09-09,28.6,52.2,297,37.3,20.2,22,1006.3
253,2024-09-10,24.8,42.8,307,30.3,19.8,8,1008.5
254,2024-09-11,22.9,43.6,293,27.0,17.8,61,1007.1
255,2024-09-12,28.3,52.6,312,35.7,17.5,62,1006.1
256,2024-09-13,26.5,50.4,331,37.3,15.6,7,1013.1
257,2024-09-14,31.7,58.3,351,38.2,16.4,8,1015.6
258,2024-09-15,18.9,38.2,344,19.5,17.0,2,1011.0
259,2024-09-16,30.6,55.4,349,29.9,18.5,34,1008.5
260,2024-09-17,22.4,42.8,11,31.3,19.4,55,1007.8
261,2024-09-18,11.0,24.8,257,16.0,18.1,55,1009.7
262,2024-09-19,14.5,30.2,216,17.3,17.5,1,1009.2
263,2024-09-20,15.2,32.4,103,18.4,18.5,66,1011.2
264,2024-09-21,28.7,53.3,127,28.3,18.9,76,1011.8
265,2024-09-22,20.1,37.4,138,24.0,19.4,90,1008.5
266,2024-09-23,16.4,31.7,300,20.5,18.5,35,1005.8
267,2024-09-24,14.0,30.2,247,18.7,16.8,60,1006.0
268,2024-09-25,17.3,32.4,126,20.3,16.5,78,1005.9
269,2024-09-26,18.3,39.6,39,21.9,20.6,53,999.3
270,2024-09-27,19.8,38.5,275,25.5,17.7,78,1004.4
271,2024-09-28,22.8,42.1,302,29.9,15.8,28,1013.2
272,2024-09-29,11.5,23.4,275,15.9,13.3,40,1016.1
273,2024-09-30,11.0,23.0,359,15.9,16.2,73,1013.8
274,2024-10-01,13.9,27.7,67,16.2,16.9,73,1007.9
275,2024-10-02,19.7,33.1,272,18.0,17.1,97,1002.2
276,2024-10-03,25.8,49.3,312,31.3,16.8,47,1001.1
277,2024-10-04,19.3,34.6,320,29.1,15.3,10,1005.5
278,2024-10-05,10.4,22.0,297,15.2,13.1,10,1006.7
279,2024-10-06,14.1,30.2,16,20.3,13.4,93,1004.9
280,2024-10-07,33.3,57.6,109,36.8,17.4,100,1001.7
281,2024-10-08,28.9,57.6,155,32.9,18.8,65,997.9
282,2024-10-09,24.8,49.0,86,27.4,17.9,56,993.3
283,2024-10-10,24.2,44.3,293,31.2,17.4,35,999.4
284,2024-10-11,14.1,28.1,269,14.9,14.4,8,1007.6
285,2024-10-12,28.7,49.3,108,30.6,15.3,92,1008.1
286,2024-10-13,16.8,29.9,26,18.5,17.6,72,1011.7
287,2024-10-14,8.9,16.9,26,10.4,16.3,83,1012.1
288,2024-10-15,29.2,49.0,109,25.7,18.2,93,1009.2
289,2024-10-16,37.4,68.4,133,55.6,19.2,87,1005.3
290,2024-10-17,34.0,62.3,139,47.1,18.6,91,1004.6
291,2024-10-18,22.1,38.9,277,25.3,15.1,51,1007.3
292,2024-10-19,13.3,22.7,334,16.6,16.2,30,1010.5
293,2024-10-20,10.8,19.4,331,12.6,16.2,97,1014.4
294,2024-10-21,11.6,23.8,44,15.1,16.9,74,1019.0
295,2024-10-22,10.1,28.4,5,13.3,17.8,68,1020.6
296,2024-10-23,15.2,29.5,12,18.4,17.2,63,1020.7
297,2024-10-24,14.3,29.2,88,20.4,15.9,69,1017.6
298,2024-10-25,25.2,43.2,136,31.1,17.8,88,1012.4
299,2024-10-26,30.9,53.6,128,38.4,17.0,96,1008.3
300,2024-10-27,20.2,35.6,89,24.4,16.1,76,1012.7
301,2024-10-28,15.5,26.3,31,18.4,16.9,91,1017.9
302,2024-10-29,10.6,19.8,14,13.3,17.2,49,1018.0
303,2024-10-30,11.7,22.0,36,15.6,16.7,19,1016.5
304,2024-10-31,16.4,27.4,17,16.9,16.6,5,1017.1
305,2024-11-01,12.9,21.6,11,14.3,15.4,0,1017.0
306,2024-11-02,11.8,20.9,23,16.0,14.1,5,1016.0
307,2024-11-03,12.4,20.5,29,14.8,13.7,0,1018.4
308,2024-11-04,11.2,22.3,45,15.9,13.8,44,1018.1
309,2024-11-05,11.7,22.3,60,15.9,15.4,93,1017.6
310,2024-11-06,8.4,18.0,18,12.3,15.0,45,1019.2
311,2024-11-07,12.0,24.1,34,18.1,14.4,53,1019.9
312,2024-11-08,12.2,24.5,32,17.3,14.2,67,1017.2
313,2024-11-09,16.7,33.5,11,20.6,13.9,100,1016.3
314,2024-11-10,13.1,22.3,330,15.8,14.5,25,1015.5
315,2024-11-11,9.9,19.1,348,14.7,11.8,21,1017.0
316,2024-11-12,23.2,50.0,5,28.8,10.5,73,1014.1
317,2024-11-13,21.9,45.4,22,34.6,10.1,39,1015.9
318,2024-11-14,21.7,46.8,8,23.4,7.7,44,1015.5
319,2024-11-15,15.1,30.2,12,21.4,8.5,0,1016.7
320,2024-11-16,12.0,27.7,12,19.8,7.5,64,1015.7
321,2024-11-17,18.4,36.4,307,18.4,10.2,57,1011.1
322,2024-11-18,14.6,32.4,305,25.2,10.7,74,1010.5
323,2024-11-19,16.8,31.0,276,19.5,10.2,84,1007.4
324,2024-11-20,20.9,44.6,267,35.4,12.1,99,1002.7
325,2024-11-21,31.8,59.8,265,24.2,8.6,93,999.4
326,2024-11-22,27.9,61.9,308,30.2,7.9,30,1005.1
327,2024-11-23,18.2,34.9,16,22.7,5.1,62,1018.9
328,2024-11-24,28.8,59.4,145,39.3,14.5,90,1018.8
329,2024-11-25,31.9,66.6,142,55.9,15.7,95,1013.6
330,2024-11-26,20.4,38.5,310,19.2,12.7,85,1014.6
331,2024-11-27,6.5,14.8,293,11.1,9.4,26,1016.4
332,2024-11-28,9.3,16.6,338,11.5,8.6,18,1018.0
333,2024-11-29,13.9,31.0,6,20.7,9.9,22,1017.7
334,2024-11-30,9.5,20.9,13,17.0,7.7,19,1020.9
335,2024-12-01,9.9,18.7,11,13.8,9.7,62,1018.6
336,2024-12-02,18.2,36.4,293,17.0,10.1,80,1014.2
337,2024-12-03,18.8,35.6,302,28.3,10.1,53,1013.1
338,2024-12-04,17.3,40.3,332,24.3,7.3,41,1015.1
339,2024-12-05,12.9,25.2,312,17.4,6.2,87,1018.6
340,2024-12-06,24.4,54.0,283,29.0,12.2,71,1014.0
341,2024-12-07,31.8,64.1,286,35.8,10.2,75,1008.2
342,2024-12-08,33.8,70.6,296,51.8,8.5,81,1001.1
343,2024-12-09,19.4,51.1,327,31.5,8.4,72,1003.3
344,2024-12-10,11.1,22.7,338,14.2,6.0,86,1010.1
345,2024-12-11,17.6,33.1,17,25.8,5.7,86,1015.1
346,2024-12-12,21.0,40.3,18,31.5,5.7,34,1017.8
347,2024-12-13,20.1,39.2,18,29.7,5.1,95,1016.8
348,2024-12-14,18.1,39.6,303,24.6,7.2,53,1018.0
349,2024-12-15,21.7,46.4,318,30.4,7.1,7,1024.5
350,2024-12-16,12.5,23.4,335,15.4,5.7,0,1029.9
351,2024-12-17,14.9,32.8,13,25.0,6.5,81,1025.2
352,2024-12-18,11.4,21.2,356,13.9,8.8,76,1020.2
353,2024-12-19,22.8,46.4,323,25.8,8.8,79,1010.4
354,2024-12-20,26.1,52.6,310,41.8,7.0,15,1016.5
355,2024-12-21,17.7,38.2,287,24.0,8.0,52,1019.3
356,2024-12-22,34.6,69.8,289,46.7,12.0,89,1011.6
357,2024-12-23,33.8,71.3,315,49.2,7.4,38,1012.7
358,2024-12-24,20.8,43.6,322,28.8,7.6,27,1017.8
359,2024-12-25,12.3,22.3,353,14.3,7.1,21,1022.1
360,2024-12-26,15.4,29.9,15,22.3,6.2,2,1023.4
361,2024-12-27,11.0,20.5,353,12.5,3.7,0,1024.4
362,2024-12-28,8.4,15.5,333,10.7,2.0,0,1022.3
363,2024-12-29,5.6,11.5,325,9.2,3.2,0,1021.3
364,2024-12-30,7.1,13.3,338,9.0,2.2,0,1023.0
365,2024-12-31,8.8,16.2,3,11.3,1.6,9,1024.8
366,2025-01-01,9.4,18.0,11,13.9,3.1,78,1024.2
367,2025-01-02,13.1,25.6,353,19.3,8.3,98,1017.3
368,2025-01-03,17.2,33.5,345,22.9,9.1,93,1013.1
369,2025-01-04,10.4,20.9,17,13.4,4.8,89,1013.4
370,2025-01-05,22.4,48.6,79,33.6,9.8,95,1005.5
371,2025-01-06,29.7,57.2,145,35.7,13.1,96,996.8
372,2025-01-07,20.5,44.3,286,26.2,9.7,64,1005.8
373,2025-01-08,12.8,25.2,21,14.9,9.9,61,1005.6
374,2025-01-09,25.0,50.0,282,25.6,10.5,51,1005.5
375,2025-01-10,19.2,38.2,295,22.1,8.8,80,1012.5
376,2025-01-11,19.4,39.2,346,22.2,10.1,68,1011.2
377,2025-01-12,25.3,54.0,345,25.4,2.6,10,1020.0
378,2025-01-13,13.5,33.5,320,17.0,1.4,3,1023.2
379,2025-01-14,8.3,15.8,332,10.9,0.1,20,1023.7
380,2025-01-15,18.6,39.2,344,13.0,1.4,26,1019.2
381,2025-01-16,18.5,36.4,13,27.3,4.7,31,1021.5
382,2025-01-17,14.5,28.4,2,18.6,4.2,1,1024.4
383,2025-01-18,11.0,21.2,342,15.2,3.1,39,1018.3
384,2025-01-19,10.4,19.1,357,12.4,5.2,73,1013.8
385,2025-01-20,10.9,20.5,29,15.7,6.0,94,1011.8
386,2025-01-21,19.4,39.6,66,26.6,8.5,95,1009.2
387,2025-01-22,26.3,47.9,108,32.8,11.9,98,1002.1
388,2025-01-23,17.0,34.9,305,24.0,11.7,47,1005.5
389,2025-01-24,14.6,28.1,13,18.2,6.3,78,1010.9
390,2025-01-25,22.4,50.8,120,35.4,12.9,80,1005.9
391,2025-01-26,17.8,34.6,314,22.4,9.5,73,1008.1
392,2025-01-27,16.3,31.3,32,20.0,12.6,74,997.4
393,2025-01-28,21.6,51.8,259,32.9,9.7,89,999.9
394,2025-01-29,17.6,35.6,278,28.9,10.0,82,1007.0
395,2025-01-30,22.2,43.2,111,32.7,10.8,88,1005.8
396,2025-01-31,16.6,32.4,350,24.6,9.3,60,1017.7
397,2025-02-01,19.8,38.9,4,26.1,6.2,81,1016.2
398,2025-02-02,18.9,36.7,6,22.0,7.4,75,1013.2
399,2025-02-03,11.7,27.0,356,15.0,5.5,4,1016.1
400,2025-02-04,8.6,15.8,336,12.4,4.8,3,1019.7
401,2025-02-05,11.9,22.3,355,12.0,4.9,0,1025.2
402,2025-02-06,16.8,33.8,11,26.8,6.4,0,1023.4
403,2025-02-07,29.5,60.8,119,36.0,6.6,80,1015.6
404,2025-02-08,27.3,54.0,130,36.6,7.1,100,1013.2
405,2025-02-09,12.5,27.0,338,16.6,6.4,87,1018.8
406,2025-02-10,13.6,32.0,86,16.2,9.3,98,1017.5
407,2025-02-11,18.4,37.4,127,26.4,11.0,95,1013.9
408,2025-02-12,14.3,27.4,103,18.1,10.4,83,1010.7
409,2025-02-13,13.5,25.6,325,13.8,11.3,64,1011.2
410,2025-02-14,15.2,36.4,9,22.6,9.3,31,1010.0
411,2025-02-15,20.9,41.8,20,27.1,5.8,29,1010.2
412,2025-02-16,10.3,20.2,1,15.9,6.2,64,1007.4
413,2025-02-17,7.6,16.9,308,11.0,7.1,55,1008.7
414,2025-02-18,12.6,29.9,58,20.3,8.4,85,1011.7
415,2025-02-19,16.8,34.2,122,22.6,11.1,99,1015.4
416,2025-02-20,10.2,24.5,210,11.7,10.6,91,1020.1
417,2025-02-21,16.1,35.3,124,18.5,10.6,99,1019.7
418,2025-02-22,26.2,49.3,147,37.0,11.9,99,1015.5
419,2025-02-23,16.8,31.3,15,20.7,11.2,79,1021.6
420,2025-02-24,7.6,20.2,12,13.3,10.4,90,1020.1
421,2025-02-25,21.3,45.0,317,25.0,11.2,100,1013.0
422,2025-02-26,22.0,44.6,308,36.4,10.0,14,1014.9
423,2025-02-27,11.4,27.4,300,14.5,8.6,78,1013.1
424,2025-02-28,18.6,37.4,18,29.9,9.6,57,1012.9
425,2025-03-01,18.5,37.8,19,32.1,7.7,69,1013.1
426,2025-03-02,19.8,37.1,20,25.3,9.4,64,1017.2
427,2025-03-03,14.7,29.5,25,18.5,9.1,68,1019.0
428,2025-03-04,10.0,22.0,30,15.3,9.3,94,1017.2
429,2025-03-05,14.8,35.6,50,18.5,9.1,42,1017.9
430,2025-03-06,23.7,52.9,88,26.2,9.7,58,1016.2
431,2025-03-07,13.7,31.7,77,19.8,10.4,91,1012.0
432,2025-03-08,24.2,52.6,119,33.8,12.4,99,1005.9
433,2025-03-09,44.2,82.1,123,50.3,12.3,100,996.2
434,2025-03-10,18.2,43.9,116,26.8,11.4,82,995.6
435,2025-03-11,22.4,42.1,91,27.0,10.5,99,995.2
436,2025-03-12,14.6,29.5,305,19.5,11.0,64,991.6
437,2025-03-13,16.2,31.3,277,17.3,8.2,81,991.8
438,2025-03-14,16.4,32.4,355,24.0,7.7,98,993.8
439,2025-03-15,19.7,42.8,291,26.2,7.7,48,1000.6
440,2025-03-16,17.5,34.2,279,25.2,7.1,21,1008.9
441,2025-03-17,14.4,28.4,9,22.8,8.1,29,1011.1
442,2025-03-18,26.8,56.9,107,34.6,9.2,37,1014.5
443,2025-03-19,22.1,45.4,102,28.7,10.2,100,1020.0
444,2025-03-20,19.5,41.0,91,26.6,10.8,100,1019.4
445,2025-03-21,49.9,99.4,122,47.3,11.9,96,1008.3
446,2025-03-22,39.2,88.6,137,54.5,13.2,82,998.5
447,2025-03-23,10.3,22.3,8,16.1,9.8,91,1000.1
448,2025-03-24,9.6,21.6,17,14.0,10.6,72,1005.6
449,2025-03-25,14.5,36.0,323,20.3,12.3,21,1010.5
450,2025-03-26,19.9,44.3,352,29.3,13.9,25,1009.7
451,2025-03-27,12.9,30.6,340,21.2,13.4,55,1006.9
452,2025-03-28,31.8,67.3,306,36.0,13.5,33,1004.4
453,2025-03-29,36.1,76.7,328,53.4,12.3,52,1005.0
454,2025-03-30,20.7,45.4,336,33.1,13.7,25,1010.5
455,2025-03-31,24.0,54.4,353,35.9,14.7,10,1009.9
456,2025-04-01,27.1,54.7,50,38.9,12.6,22,1006.0
457,2025-04-02,26.4,56.5,112,31.3,11.4,95,1006.0
458,2025-04-03,20.6,46.8,133,28.1,14.0,85,1012.3
459,2025-04-04,10.5,20.9,42,15.4,13.2,95,1010.3
460,2025-04-05,11.7,23.4,11,16.3,14.6,34,1005.8
461,2025-04-06,16.5,37.1,343,27.0,17.7,0,1002.5
462,2025-04-07,15.4,29.2,2,20.5,13.2,27,1010.4
463,2025-04-08,13.1,31.3,186,16.4,12.3,10,1015.5
464,2025-04-09,12.3,30.6,137,15.6,12.9,82,1013.7
465,2025-04-10,10.1,27.4,150,15.8,12.8,18,1014.7
466,2025-04-11,9.2,25.9,159,14.7,12.0,88,1013.7
467,2025-04-12,17.8,41.4,115,26.8,14.2,82,1007.2
468,2025-04-13,15.9,32.4,45,23.1,13.6,100,1004.1
469,2025-04-14,20.5,44.6,120,26.4,14.0,100,1001.3
470,2025-04-15,25.1,56.5,155,38.1,15.0,93,995.3
471,2025-04-16,17.5,37.4,338,21.9,12.3,95,1000.5
472,2025-04-17,25.0,55.1,304,38.0,12.5,42,1002.9
473,2025-04-18,11.2,28.1,181,16.5,11.6,30,1007.3
474,2025-04-19,39.3,78.8,133,58.1,14.5,86,999.6
475,2025-04-20,22.2,49.0,169,25.6,11.8,28,1001.6
476,2025-04-21,16.2,36.4,295,27.6,14.7,57,1007.1
477,2025-04-22,20.0,40.7,314,24.6,15.8,79,1009.6
478,2025-04-23,22.7,48.6,300,36.8,14.7,56,1011.3
479,2025-04-24,25.3,55.1,301,38.0,15.6,11,1010.4
480,2025-04-25,17.3,40.0,355,25.0,15.7,1,1008.1
481,2025-04-26,14.6,28.8,324,22.1,15.6,69,1007.1
482,2025-04-27,15.6,35.6,347,24.7,16.3,65,1012.2
483,2025-04-28,11.2,28.1,12,17.4,16.4,11,1015.4
484,2025-04-29,11.5,36.7,64,18.9,16.6,11,1015.2
485,2025-04-30,8.4,23.4,81,14.1,16.7,1,1013.9
486,2025-05-01,9.7,25.9,94,15.2,16.5,2,1013.2
487,2025-05-02,14.5,35.3,101,17.0,16.4,53,1012.3
488,2025-05-03,15.3,37.8,92,24.1,17.0,46,1009.0
489,2025-05-04,14.2,27.4,43,21.3,15.9,100,1001.9
490,2025-05-05,15.6,29.5,301,21.9,15.3,93,999.1
491,2025-05-06,14.6,29.5,306,19.2,13.7,58,1003.5
492,2025-05-07,12.2,23.8,307,14.8,13.8,54,1006.4
493,2025-05-08,13.3,29.2,271,17.2,13.6,15,1004.9
494,2025-05-09,12.5,30.6,101,19.2,13.8,66,1006.6
495,2025-05-10,20.5,47.2,124,26.4,15.8,82,1009.2
496,2025-05-11,20.5,46.4,97,25.0,15.1,86,1005.6
497,2025-05-12,12.5,24.5,299,20.4,15.9,19,1005.7
498,2025-05-13,9.3,24.5,37,16.3,16.5,54,1007.3
499,2025-05-14,8.3,25.6,72,14.2,16.4,9,1008.7
500,2025-05-15,19.2,41.0,344,24.6,19.3,9,1005.0
501,2025-05-16,15.9,37.1,342,24.2,18.5,6,1005.9
502,2025-05-17,15.4,31.3,300,24.2,17.9,1,1008.1
503,2025-05-18,11.1,27.4,54,18.4,16.9,42,1008.8
504,2025-05-19,21.2,48.6,96,31.7,18.1,95,1007.6
505,2025-05-20,21.6,41.0,344,27.9,18.8,69,1007.2
506,2025-05-21,21.0,43.6,295,37.3,19.4,75,1008.4
507,2025-05-22,25.4,55.8,317,40.4,17.5,54,1006.5
508,2025-05-23,20.9,47.2,337,34.0,17.7,25,1008.5
509,2025-05-24,14.3,34.2,342,23.6,18.8,37,1011.0
510,2025-05-25,20.5,43.6,285,22.1,20.3,39,1011.2
511,2025-05-26,16.8,37.4,308,30.8,21.9,37,1012.1
512,2025-05-27,15.8,35.6,331,28.0,21.4,27,1013.7
513,2025-05-28,23.5,50.8,321,26.3,22.8,59,1014.4
514,2025-05-29,17.2,38.5,4,29.7,24.9,53,1014.6
515,2025-05-30,15.5,36.0,27,23.0,23.8,13,1013.4
516,2025-05-31,11.7,31.3,171,18.0,20.8,36,1013.2
517,2025-06-01,12.7,32.8,146,18.1,20.5,77,1011.5
518,2025-06-02,12.8,29.5,255,16.5,21.7,100,1011.0
519,2025-06-03,11.2,30.2,87,19.3,20.9,39,1008.0
520,2025-06-04,15.4,34.6,157,21.0,20.2,70,1005.9
521,2025-06-05,10.7,26.3,232,18.8,20.1,65,1009.3
522,2025-06-06,13.4,33.1,184,19.0,20.1,54,1010.5
523,2025-06-07,19.0,36.7,228,19.8,22.2,55,1009.1
524,2025-06-08,18.9,38.5,313,28.2,22.0,3,1012.0
525,2025-06-09,13.5,32.4,1,18.7,22.3,0,1012.9
526,2025-06-10,13.1,32.4,212,19.0,22.4,8,1012.1
527,2025-06-11,13.6,32.0,27,21.0,25.7,7,1008.0
528,2025-06-12,12.7,34.6,118,22.3,22.6,47,1009.3
529,2025-06-13,12.1,32.8,131,18.0,22.9,20,1012.2
530,2025-06-14,10.3,28.4,141,18.0,24.3,41,1012.7
531,2025-06-15,17.4,35.3,296,18.6,25.8,52,1012.7
532,2025-06-16,26.2,55.8,3,34.4,25.7,7,1013.7
533,2025-06-17,16.0,40.3,2,24.0,24.8,7,1012.9
534,2025-06-18,14.1,33.8,178,16.8,25.8,0,1013.1
535,2025-06-19,15.0,37.1,208,20.9,26.2,30,1012.2
536,2025-06-20,15.9,38.2,217,21.2,27.8,29,1010.9
537,2025-06-21,11.7,32.0,112,20.7,26.9,10,1010.4
538,2025-06-22,12.5,33.1,131,20.8,24.9,38,1011.8
539,2025-06-23,13.0,31.7,225,16.6,27.0,61,1010.8
540,2025-06-24,16.6,40.3,185,21.3,28.2,46,1008.6
541,2025-06-25,16.6,40.3,124,24.8,26.2,18,1007.6
542,2025-06-26,18.9,41.8,326,24.7,27.9,23,1010.1
543,2025-06-27,15.9,40.3,349,25.9,29.2,11,1013.5
544,2025-06-28,16.4,38.2,8,22.3,31.0,1,1014.1
545,2025-06-29,14.3,37.1,107,18.7,30.7,0,1012.2
546,2025-06-30,14.3,35.3,161,16.8,29.2,24,1009.3
547,2025-07-01,13.6,31.7,215,16.6,30.6,10,1007.9
548,2025-07-02,12.9,34.6,186,18.9,28.8,13,1008.6
549,2025-07-03,18.2,42.8,337,20.8,29.5,22,1011.7
550,2025-07-04,17.5,39.2,2,25.0,29.3,48,1012.7
551,2025-07-05,21.2,45.0,320,26.8,29.6,38,1009.5
552,2025-07-06,18.6,46.1,291,31.7,26.0,50,1006.4
553,2025-07-07,29.3,64.1,301,41.4,23.2,29,1004.2
554,2025-07-08,24.7,55.1,327,39.9,23.2,3,1007.8
555,2025-07-09,16.0,37.8,2,25.9,24.0,0,1011.0
556,2025-07-10,15.2,35.6,22,24.2,25.6,0,1010.1
557,2025-07-11,14.5,38.5,138,22.5,24.1,3,1007.6
558,2025-07-12,16.0,38.2,152,17.6,22.5,90,1005.7
559,2025-07-13,16.2,39.2,206,23.3,22.9,36,1006.8
560,2025-07-14,12.3,29.9,241,20.9,25.4,9,1011.6
561,2025-07-15,22.4,50.8,312,25.7,27.4,19,1011.6
562,2025-07-16,17.8,35.6,327,27.5,27.6,0,1010.2
563,2025-07-17,11.9,29.5,354,19.1,28.9,0,1007.5
564,2025-07-18,13.7,32.8,67,24.8,27.9,22,1004.6
565,2025-07-19,17.1,38.9,123,19.5,24.3,59,1003.1
566,2025-07-20,14.5,35.6,176,20.7,24.0,59,1000.5
567,2025-07-21,21.7,49.7,306,32.2,23.8,45,1003.7
568,2025-07-22,17.2,34.2,293,24.8,24.2,13,1008.3
569,2025-07-23,16.7,37.1,298,22.1,23.6,65,1007.0
570,2025-07-24,19.3,42.5,309,30.6,22.9,58,1006.6
571,2025-07-25,21.8,50.0,321,35.6,23.2,36,1007.7
572,2025-07-26,27.4,57.2,320,40.7,25.3,25,1008.1
573,2025-07-27,22.1,48.6,308,37.8,24.7,67,1008.6
574,2025-07-28,27.8,64.4,338,48.6,23.9,36,1007.9
575,2025-07-29,20.2,49.7,348,38.7,24.6,11,1009.7
576,2025-07-30,22.7,48.6,325,35.8,25.4,35,1010.2
577,2025-07-31,16.3,36.7,316,22.6,25.6,2,1010.0
578,2025-08-01,21.7,49.3,308,25.9,26.7,12,1006.9
579,2025-08-02,23.4,52.6,312,31.6,25.4,20,1006.4
580,2025-08-03,18.6,40.7,357,28.9,24.7,6,1010.3
581,2025-08-04,13.9,32.4,315,23.9,25.9,54,1012.6
582,2025-08-05,26.0,58.0,324,23.3,27.9,8,1011.2
583,2025-08-06,21.3,44.6,10,27.9,26.6,54,1011.9
584,2025-08-07,13.6,35.3,169,20.5,24.4,11,1011.7
585,2025-08-08,13.2,34.6,181,18.4,24.5,18,1012.8
586,2025-08-09,13.1,32.4,184,18.5,25.3,4,1012.7
587,2025-08-10,9.4,27.4,32,16.0,30.5,11,1012.0
588,2025-08-11,14.6,36.7,58,20.7,29.6,0,1009.6
589,2025-08-12,13.6,35.3,189,17.5,28.0,29,1008.6
590,2025-08-13,12.4,33.1,156,18.4,27.8,16,1008.3
591,2025-08-14,13.9,33.8,4,17.6,31.0,78,1008.6
592,2025-08-15,9.8,29.2,9,17.3,31.5,3,1010.5
593,2025-08-16,19.1,44.3,5,29.4,33.6,4,1008.6
594,2025-08-17,22.0,49.7,6,31.5,31.6,0,1006.3
595,2025-08-18,16.3,39.2,24,26.8,29.1,19,1006.1
596,2025-08-19,10.8,30.6,40,19.1,26.1,89,1005.4
597,2025-08-20,13.4,40.0,327,19.1,22.9,64,1002.8
598,2025-08-21,18.7,38.5,295,24.5,22.1,46,1002.7
599,2025-08-22,16.0,38.5,329,26.1,23.8,23,1006.8
600,2025-08-23,11.5,29.2,333,18.7,22.7,0,1008.1
601,2025-08-24,15.9,31.3,4,25.7,24.0,18,1008.3
602,2025-08-25,11.7,30.2,101,17.3,21.9,62,1009.7
603,2025-08-26,9.9,26.6,113,17.1,23.5,90,1007.3
604,2025-08-27,17.4,40.0,143,23.4,24.1,82,1004.8
605,2025-08-28,22.2,47.2,308,23.4,22.7,85,1001.1
606,2025-08-29,22.3,43.9,267,28.8,19.7,39,1002.8
607,2025-08-30,21.7,47.5,295,36.2,21.3,22,1005.6
608,2025-08-31,18.8,43.2,143,23.8,21.3,54,1005.0
609,2025-09-01,27.1,49.3,314,26.1,21.6,69,1003.3
610,2025-09-02,16.5,38.2,274,28.8,20.8,31,1007.8
611,2025-09-03,14.1,36.0,198,22.3,22.3,20,1008.7
612,2025-09-04,18.9,48.6,104,25.0,21.6,73,1008.2
613,2025-09-05,14.3,30.2,342,24.4,22.2,7,1013.3
614,2025-09-06,13.7,35.6,56,23.2,21.1,5,1012.6
615,2025-09-07,15.1,39.2,89,22.2,21.5,53,1011.0
616,2025-09-08,16.9,40.7,343,16.8,23.6,68,1008.5
617,2025-09-09,15.3,30.6,335,20.7,23.1,96,1006.5
618,2025-09-10,21.4,48.2,293,26.5,22.5,36,1003.7
619,2025-09-11,22.7,50.0,295,37.1,21.7,33,1009.3
620,2025-09-12,18.3,42.5,263,25.5,21.0,51,1013.3
621,2025-09-13,15.3,30.2,17,19.4,17.6,79,1012.7
622,2025-09-14,18.4,40.7,288,20.4,20.9,62,1013.1
623,2025-09-15,15.4,36.7,261,22.9,23.7,17,1013.2
624,2025-09-16,12.2,26.6,0,19.2,22.8,52,1015.4
625,2025-09-17,11.1,22.0,357,16.7,21.9,97,1015.3
626,2025-09-18,13.1,33.5,113,14.2,21.6,16,1016.9
627,2025-09-19,10.1,28.4,83,16.0,20.3,5,1018.4
628,2025-09-20,13.8,36.7,100,19.7,21.5,33,1014.8
629,2025-09-21,21.7,47.5,110,20.5,20.9,88,1007.6
630,2025-09-22,15.0,34.6,298,25.7,18.5,47,1006.3
631,2025-09-23,21.2,47.9,301,24.3,15.2,32,1009.5
632,2025-09-24,24.9,55.1,295,37.1,14.4,45,1010.8
633,2025-09-25,19.6,43.9,295,27.3,15.3,66,1011.8
634,2025-09-26,12.8,37.8,300,17.1,14.2,32,1012.1
635,2025-09-27,12.1,24.1,356,17.5,14.9,39,1012.7
636,2025-09-28,8.5,22.3,4,13.9,14.6,96,1011.7
637,2025-09-29,9.6,18.4,334,12.8,17.0,23,1011.8
638,2025-09-30,16.3,32.0,358,18.1,17.7,20,1013.0
